,classification_id,user_id,workflow_id,annotations,subject_ids
0,409110641,820577,20705,Single,71287260
1,409111050,820577,20705,Single,71287149
2,409111253,820577,20705,Single,71287109
3,409111452,820577,20705,Star Forming Galaxy (SFG),71287089
4,409111664,820577,20705,"Triple,Fanaroff and Riley Class 1 (FR I)",71287001
5,409112104,820577,20705,Single,71287117
6,409112175,820577,20705,Single,71287150
7,409121155,820577,20705,Double,71287051
8,409121268,820577,20705,Fanaroff and Riley Class 1 (FR I),71287213
9,409121328,820577,20705,"Triple,Classical double,Fanaroff and Riley Class 2 (FR II)",71287263
10,409121509,820577,20705,"Bent tail,Wide-angle tail (WAT),Triple,Fanaroff and Riley Class 1 (FR I),C-shaped",71287290
11,409121534,820577,20705,Single,71287262
12,409121583,820577,20705,"Triple,Classical double,Fanaroff and Riley Class 2 (FR II)",71287090
13,409121619,820577,20705,"Triple,Classical double,Fanaroff and Riley Class 2 (FR II)",71287046
14,409121693,820577,20705,"Narrow-angle tail (NAT),Fanaroff and Riley Class 1 (FR I),Bent tail",71287178
15,409121736,820577,20705,"Fanaroff and Riley Class 2 (FR II),Classical double",71287144
16,409121992,820577,20705,Single,71287107
17,409122105,820577,20705,"1-sided,Single",71287123
18,409122211,820577,20705,"Wide-angle tail (WAT),Fanaroff and Riley Class 1 (FR I),Bent tail",71287214
19,409122248,820577,20705,Single,71286998
20,409122331,820577,20705,Single,71287238
21,409122479,820577,20705,"Diffuse,Single",71286999
22,409122505,820577,20705,Star Forming Galaxy (SFG),71287060
23,409122617,820577,20705,Double,71287284
24,409122640,820577,20705,Star Forming Galaxy (SFG),71287181
25,409122663,820577,20705,Star Forming Galaxy (SFG),71287232
26,409122746,820577,20705,Single,71287175
27,409122782,820577,20705,Double,71287141
28,409122944,820577,20705,"Single,Double",71287189
29,409123038,820577,20705,Single,71287095
30,409123104,820577,20705,Fanaroff and Riley Class 1 (FR I),71287146
31,409123202,820577,20705,"Wide-angle tail (WAT),Single",71287226
32,409123228,820577,20705,Star Forming Galaxy (SFG),71287098
33,409123260,820577,20705,Single,71287210
34,409123290,820577,20705,Star Forming Galaxy (SFG),71287078
35,409123326,820577,20705,Single,71287225
36,409123370,820577,20705,S-shaped,71287279
37,409123394,820577,20705,Single,71287010
38,409123473,820577,20705,"Triple,Single",71287040
39,409123509,820577,20705,Star Forming Galaxy (SFG),71287017
40,409123531,820577,20705,Single,71287251
41,409123569,820577,20705,Single,71287139
42,409155279,820577,20705,"Single,Fanaroff and Riley Class 1 (FR I)",71287027
43,409155334,820577,20705,Single,71287096
44,409155367,820577,20705,Single,71287065
45,409155395,820577,20705,Star Forming Galaxy (SFG),71287151
46,409155441,820577,20705,1-sided,71287088
47,409155472,820577,20705,Star Forming Galaxy (SFG),71287074
48,409155510,820577,20705,Star Forming Galaxy (SFG),71287278
49,409155542,820577,20705,Star Forming Galaxy (SFG),71287031
50,409155643,820577,20705,"Fanaroff and Riley Class 2 (FR II),Classical double",71287013
51,409162188,820577,20705,"Classical double,Triple",71287227
52,409162333,820577,20705,"Narrow-angle tail (NAT),Bent tail,Single",71287020
53,409162362,820577,20705,Star Forming Galaxy (SFG),71287231
54,409162401,820577,20705,Single,71287292
55,409162450,820577,20705,,71287018
56,409162481,820577,20705,Star Forming Galaxy (SFG),71287182
57,409162505,820577,20705,Star Forming Galaxy (SFG),71287024
58,409162611,820577,20705,"Classical double,Triple,Double-double (DDRG)",71287276
59,409162694,820577,20705,Single,71287212
60,409162796,820577,20705,"Classical double,Triple,Fanaroff and Riley Class 2 (FR II)",71287258
61,409162827,820577,20705,Single,71287012
62,409162904,820577,20705,Fanaroff and Riley Class 1 (FR I),71287219
63,409162927,820577,20705,Single,71287157
64,409162974,820577,20705,Single,71287200
65,409163156,820577,20705,"Wide-angle tail (WAT),Bent tail",71287000
66,409163223,820577,20705,Single,71287289
67,409163266,820577,20705,Single,71287137
68,409163336,820577,20705,"Classical double,Fanaroff and Riley Class 2 (FR II)",71287064
69,409163372,820577,20705,Single,71287071
70,409163402,820577,20705,Single,71287209
71,409163438,820577,20705,Double,71287241
72,409163474,820577,20705,Single,71287202
73,409163564,820577,20705,"Triple,Fanaroff and Riley Class 2 (FR II)",71287052
74,409163685,820577,20705,1-sided,71287255
75,409163789,820577,20705,"Triple,Fanaroff and Riley Class 2 (FR II),Classical double",71287217
76,409163887,820577,20705,Single,71287122
77,409163944,820577,20705,Single,71287206
78,409163980,820577,20705,Single,71287112
79,409164038,820577,20705,Single,71287184
80,409164172,820577,20705,Triple,71287152
81,409164209,820577,20705,Single,71287038
82,409164257,820577,20705,"Triple,Classical double,Fanaroff and Riley Class 2 (FR II)",71287271
83,409164318,820577,20705,"Wide-angle tail (WAT),Bent tail",71287173
84,409164419,820577,20705,Star Forming Galaxy (SFG),71287233
85,409164620,820577,20705,Single,71287191
86,409164669,820577,20705,Single,71287110
87,409164714,820577,20705,Single,71287148
88,409164753,820577,20705,Single,71287170
89,409164828,820577,20705,Wide-angle tail (WAT),71287022
90,409164862,820577,20705,Single,71287145
91,409211163,820577,20705,"S-shaped,Fanaroff and Riley Class 1 (FR I)",71287291
92,409211192,820577,20705,Double,71287019
93,409211222,820577,20705,Single,71287205
94,409211238,820577,20705,Single,71287256
95,409211296,820577,20705,"S-shaped,Fanaroff and Riley Class 2 (FR II)",71287156
96,409211307,820577,20705,Star Forming Galaxy (SFG),71287086
97,409211336,820577,20705,Single,71287208
98,409211409,820577,20705,"Classical double,Fanaroff and Riley Class 2 (FR II)",71287058
99,409211436,820577,20705,Single,71287172
100,409211461,820577,20705,Single,71287285
101,409211494,820577,20705,Single,71287224
102,409211526,820577,20705,Bent tail,71287194
103,409211542,820577,20705,Single,71287023
104,409211564,820577,20705,Single,71287050
105,409211580,820577,20705,Star Forming Galaxy (SFG),71287120
106,409211618,820577,20705,Single,71287014
107,409211654,820577,20705,Wide-angle tail (WAT),71287215
108,409211676,820577,20705,Single,71287075
109,409211695,820577,20705,Narrow-angle tail (NAT),71287187
110,409211705,820577,20705,Star Forming Galaxy (SFG),71287223
111,409211725,820577,20705,Double,71287015
112,409211735,820577,20705,Single,71287059
113,409211764,820577,20705,Narrow-angle tail (NAT),71287220
114,409211836,820577,20705,Single,71287025
115,409211882,820577,20705,Single,71287168
116,409211896,820577,20705,Single,71287140
117,409211911,820577,20705,Single,71287135
118,409211926,820577,20705,Single,71287082
119,409211941,820577,20705,Star Forming Galaxy (SFG),71287273
120,409211960,820577,20705,Single,71287180
121,409211975,820577,20705,Single,71287128
122,409212021,820577,20705,1-sided,71287008
123,409212072,820577,20705,"Fanaroff and Riley Class 1 (FR I),Bent tail",71287143
124,409212085,820577,20705,Single,71287044
125,409212109,820577,20705,Single,71287083
126,409212117,820577,20705,Star Forming Galaxy (SFG),71287272
127,409212155,820577,20705,Single,71287190
128,409212210,820577,20705,"S-shaped,Fanaroff and Riley Class 1 (FR I)",71287269
129,409212256,820577,20705,Single,71287111
130,409212308,820577,20705,"Core-jet,Single",71287186
131,409212342,820577,20705,C-shaped,71287294
132,409212383,820577,20705,"Double,Fanaroff and Riley Class 1 (FR I)",71287080
133,409212413,820577,20705,Single,71287070
134,409212445,820577,20705,Star Forming Galaxy (SFG),71287154
135,409212466,820577,20705,Single,71287248
136,409212479,820577,20705,Star Forming Galaxy (SFG),71287266
137,409212503,820577,20705,Double,71287185
138,409212549,820577,20705,Double,71287295
139,409212575,820577,20705,Single,71287164
140,409212589,820577,20705,Single,71287003
141,409212708,820577,20705,Double,71287216
142,409212728,820577,20705,"Triple,Classical double,Fanaroff and Riley Class 2 (FR II)",71287033
143,409212767,820577,20705,"Classical double,Fanaroff and Riley Class 2 (FR II)",71287042
144,409212795,820577,20705,"S-shaped,Fanaroff and Riley Class 1 (FR I)",71287218
145,409212819,820577,20705,Double,71287073
146,409212850,820577,20705,"Classical double,Fanaroff and Riley Class 2 (FR II)",71287034
147,409212897,820577,20705,"Narrow-angle tail (NAT),Fanaroff and Riley Class 1 (FR I)",71287138
148,409212910,820577,20705,Single,71287195
149,409212933,820577,20705,Single,71287199
150,409212950,820577,20705,Double,71287169
151,409212964,820577,20705,Single,71287188
152,409212992,820577,20705,Single,71287099
153,409218082,820577,20705,Single,71287079
154,409218131,820577,20705,"Fanaroff and Riley Class 2 (FR II),Classical double,Triple",71287113
155,409218410,820577,20705,"Triple,Fanaroff and Riley Class 1 (FR I)",71287118
156,409218453,820577,20705,"C-shaped,Fanaroff and Riley Class 1 (FR I),Triple",71287132
157,409218466,820577,20705,Single,71287240
158,409218499,820577,20705,Single,71287085
159,409218519,820577,20705,Double,71287055
160,409218573,820577,20705,"Wide-angle tail (WAT),Fanaroff and Riley Class 1 (FR I)",71287242
161,409218687,820577,20705,Double,71287229
162,409218719,820577,20705,Core-dominant,71287147
163,409218728,820577,20705,Star Forming Galaxy (SFG),71287277
164,409218762,820577,20705,"Triple,Classical double,Fanaroff and Riley Class 2 (FR II)",71287250
165,409218781,820577,20705,Single,71287007
166,409218799,820577,20705,Single,71287207
167,409218836,820577,20705,Single,71287030
168,409218857,820577,20705,Single,71287171
169,409218900,820577,20705,"S-shaped,Bent tail,Fanaroff and Riley Class 1 (FR I)",71287028
170,409218934,820577,20705,Single,71287254
171,409218994,820577,20705,"Triple,Classical double,Fanaroff and Riley Class 2 (FR II)",71287093
172,409219050,820577,20705,"Classical double,C-shaped",71287067
173,409219064,820577,20705,Star Forming Galaxy (SFG),71287116
174,409219121,820577,20705,"S-shaped,Fanaroff and Riley Class 1 (FR I),Bent tail",71287280
175,409219143,820577,20705,Single,71287270
176,409219167,820577,20705,Star Forming Galaxy (SFG),71287197
177,409219194,820577,20705,Single,71287155
178,409219219,820577,20705,Star Forming Galaxy (SFG),71287084
179,409219233,820577,20705,Single,71287062
180,409219253,820577,20705,Star Forming Galaxy (SFG),71287072
181,409219269,820577,20705,Single,71287237
182,409219288,820577,20705,Single,71287261
183,409219331,820577,20705,Star Forming Galaxy (SFG),71287165
184,409219351,820577,20705,Single,71287252
185,409219428,820577,20705,Single,71287091
186,409219455,820577,20705,"Bent tail,Wide-angle tail (WAT)",71287131
187,409220215,820577,20705,Fanaroff and Riley Class 1 (FR I),71287136
188,409220230,820577,20705,Star Forming Galaxy (SFG),71287296
189,409220251,820577,20705,Double,71287081
190,409220263,820577,20705,Single,71287127
191,409220275,820577,20705,Star Forming Galaxy (SFG),71287159
192,409220288,820577,20705,Single,71287282
193,409220314,820577,20705,"Classical double,Triple,Fanaroff and Riley Class 2 (FR II)",71287053
194,409220328,820577,20705,Single,71287119
195,409220337,820577,20705,Star Forming Galaxy (SFG),71287108
196,409220366,820577,20705,Fanaroff and Riley Class 1 (FR I),71287211
197,409220375,820577,20705,Star Forming Galaxy (SFG),71287047
198,409220410,820577,20705,Fanaroff and Riley Class 1 (FR I),71287002
199,409220424,820577,20705,Double,71287234
200,409220438,820577,20705,Single,71287092
201,409220455,820577,20705,Star Forming Galaxy (SFG),71287069
202,409220460,820577,20705,Double,71287004
203,409220487,820577,20705,Fanaroff and Riley Class 1 (FR I),71287287
204,409220556,820577,20705,"Triple,C-shaped,Fanaroff and Riley Class 2 (FR II)",71287247
205,409220583,820577,20705,Fanaroff and Riley Class 1 (FR I),71287281
206,409220605,820577,20705,Double,71287029
207,409220634,820577,20705,Star Forming Galaxy (SFG),71287179
208,409220662,820577,20705,"Classical double,Fanaroff and Riley Class 2 (FR II)",71287115
209,409220677,820577,20705,Single,71287162
210,409220704,820577,20705,Single,71287036
211,409220735,820577,20705,Fanaroff and Riley Class 1 (FR I),71287041
212,409220751,820577,20705,Single,71287129
213,409220784,820577,20705,"Triple,Classical double,Fanaroff and Riley Class 2 (FR II)",71287124
214,409220799,820577,20705,Star Forming Galaxy (SFG),71287021
215,409220818,820577,20705,Star Forming Galaxy (SFG),71287049
216,409220872,820577,20705,"Wide-angle tail (WAT),S-shaped",71287230
217,409220903,820577,20705,Single,71287228
218,409220935,820577,20705,Double,71287087
219,409220955,820577,20705,Fanaroff and Riley Class 1 (FR I),71287006
220,409221007,820577,20705,"Triple,Classical double,Fanaroff and Riley Class 2 (FR II)",71287174
221,409221032,820577,20705,"Wide-angle tail (WAT),Bent tail,C-shaped",71287193
222,409221059,820577,20705,"Classical double,Fanaroff and Riley Class 2 (FR II)",71287257
223,409221076,820577,20705,Double,71287286
224,409221091,820577,20705,Single,71287160
225,409221119,820577,20705,Fanaroff and Riley Class 1 (FR I),71287106
226,409221164,820577,20705,"Wide-angle tail (WAT),Fanaroff and Riley Class 1 (FR I),Bent tail,C-shaped",71287134
227,409221195,820577,20705,Fanaroff and Riley Class 1 (FR I),71287100
228,409221232,820577,20705,Diffuse,71287054
229,409221259,820577,20705,Single,71287283
230,409221307,820577,20705,Single,71287037
231,409221327,820577,20705,Double,71287203
232,409221346,820577,20705,Single,71287253
233,409221370,820577,20705,Single,71287259
234,409221406,820577,20705,"Wide-angle tail (WAT),Triple,Fanaroff and Riley Class 1 (FR I)",71287163
235,409299446,820577,20705,"Triple,Classical double",71287249
236,409299483,820577,20705,"Wide-angle tail (WAT),Bent tail",71287246
237,409299520,820577,20705,X-shaped,71287161
238,409299536,820577,20705,Single,71287177
239,409299576,820577,20705,Hybrid,71287102
240,409299586,820577,20705,Star Forming Galaxy (SFG),71287035
241,409299598,820577,20705,Single,71287153
242,409299611,820577,20705,Star Forming Galaxy (SFG),71287236
243,409299624,820577,20705,Star Forming Galaxy (SFG),71287235
244,409299631,820577,20705,Star Forming Galaxy (SFG),71287244
245,409299662,820577,20705,"Triple,Classical double",71287061
246,409299697,820577,20705,"Wide-angle tail (WAT),C-shaped",71287268
247,409299715,820577,20705,Single,71287121
248,409299726,820577,20705,Single,71287097
249,409299767,820577,20705,"Wide-angle tail (WAT),Bent tail,C-shaped",71287105
250,409299781,820577,20705,Single,71287196
251,409299801,820577,20705,Double,71287076
252,409299828,820577,20705,Single,71287222
253,409299837,820577,20705,Star Forming Galaxy (SFG),71287264
254,409299848,820577,20705,Double,71287104
255,409299887,820577,20705,Core-dominant,71287158
256,409299944,820577,20705,Single,71287245
257,409299960,820577,20705,Single,71287057
258,409299971,820577,20705,Single,71287026
259,409299987,820577,20705,Star Forming Galaxy (SFG),71287039
260,409300019,820577,20705,Core-dominant,71287192
261,409300047,820577,20705,Triple,71287066
262,409300077,820577,20705,Double,71287125
263,409300094,820577,20705,Star Forming Galaxy (SFG),71287265
264,409300156,820577,20705,Fanaroff and Riley Class 1 (FR I),71287009
265,409300181,820577,20705,1-sided,71287275
266,409300196,820577,20705,Single,71287243
267,409300215,820577,20705,Star Forming Galaxy (SFG),71287183
268,409300260,820577,20705,"Triple,Classical double,Fanaroff and Riley Class 2 (FR II)",71287043
269,409300337,820577,20705,Diffuse,71287293
270,409300382,820577,20705,"Wide-angle tail (WAT),C-shaped",71287126
271,409300403,820577,20705,Single,71287267
272,409300423,820577,20705,1-sided,71287204
273,409300452,820577,20705,Star Forming Galaxy (SFG),71287094
274,409300530,820577,20705,Double,71287048
275,409300629,820577,20705,Classical double,71287005
276,409300664,820577,20705,"Double,Fanaroff and Riley Class 1 (FR I)",71287133
277,409300727,820577,20705,Hybrid,71287114
278,409300767,820577,20705,Wide-angle tail (WAT),71287239
279,409300818,820577,20705,Single,71287167
280,409300826,820577,20705,Single,71287016
281,409300839,820577,20705,Single,71287103
282,409300855,820577,20705,Star Forming Galaxy (SFG),71287130
283,409300886,820577,20705,Single,71287142
284,409300903,820577,20705,Star Forming Galaxy (SFG),71287077
285,409300944,820577,20705,"Triple,Classical double",71287032
286,409300969,820577,20705,Single,71287011
287,409300979,820577,20705,Star Forming Galaxy (SFG),71287288
288,409300997,820577,20705,Double,71287201
289,409301091,820577,20705,Single,71287045
290,409301107,820577,20705,Single,71287274
291,409301126,820577,20705,Double,71287101
292,409301142,820577,20705,Single,71287176
293,409301177,820577,20705,"Triple,Classical double",71287198
294,409301216,820577,20705,Diffuse,71287056
295,409301237,820577,20705,Single,71287166
296,409301250,820577,20705,Star Forming Galaxy (SFG),71287063
297,409301265,820577,20705,Double,71287221
298,409301292,820577,20705,Single,71287068
299,409301344,820577,20705,Double,71287216
300,409301361,820577,20705,Star Forming Galaxy (SFG),71287231
301,409301399,820577,20705,Single,71287275
302,409301414,820577,20705,Star Forming Galaxy (SFG),71287244
303,409301423,820577,20705,Single,71287210
304,409301435,820577,20705,Double,71287295
305,409301447,820577,20705,Double,71287241
306,409301483,820577,20705,"Triple,Classical double",71287249
307,409301510,820577,20705,Single,71287293
308,409301523,820577,20705,Double,71287240
309,409301542,820577,20705,Star Forming Galaxy (SFG),71287236
310,409301560,820577,20705,Single,71287262
311,409301582,820577,20705,Single,71287256
312,409310691,820577,20705,Fanaroff and Riley Class 1 (FR I),71287213
313,409310706,820577,20705,Star Forming Galaxy (SFG),71287266
314,409310726,820577,20705,Double,71287234
315,409310768,820577,20705,"S-shaped,Fanaroff and Riley Class 1 (FR I)",71287291
316,409310800,820577,20705,Diffuse,71287293
317,409310830,820577,20705,"Hybrid,Triple,C-shaped",71287290
318,409310857,820577,20705,"Classical double,Fanaroff and Riley Class 2 (FR II)",71287257
319,409310941,820577,20705,"Wide-angle tail (WAT),C-shaped",71287228
320,409310963,820577,20705,Single,71287253
321,409310977,820577,20705,Star Forming Galaxy (SFG),71287264
322,393422188,342263,20705,"Single,Core-jet,1-sided",71287253
323,393564950,342263,20705,Single,71287030
324,393564985,342263,20705,"Double,Fanaroff and Riley Class 2 (FR II)",71287263
325,393585816,342263,20705,"Single,Star Forming Galaxy (SFG)",71287233
326,393868157,2410044,20705,"1-sided,Odd Radio Circle (ORC)",71287244
327,393868247,2410044,20705,"Single,1-sided",71287065
328,393868337,2410044,20705,Double,71287161
329,393868383,2410044,20705,Single,71287207
330,393868547,2410044,20705,X-shaped,71287081
331,393868723,2410044,20705,"Narrow-angle tail (NAT),Fanaroff and Riley Class 1 (FR I),C-shaped",71287283
332,393868829,2410044,20705,"Classical double,Double,Fanaroff and Riley Class 2 (FR II)",71287029
333,393868971,2410044,20705,"Double,Diffuse",71287080
334,393869030,2410044,20705,"Single,Core-dominant",71287007
335,393869103,2410044,20705,Double,71287252
336,393869267,2410044,20705,"Single,1-sided",71287202
337,393869374,2410044,20705,"Classical double,Bent tail,Fanaroff and Riley Class 2 (FR II),S-shaped",71287280
338,393869523,2410044,20705,"Narrow-angle tail (NAT),Bent tail,Fanaroff and Riley Class 1 (FR I)",71287187
339,393869763,2410044,20705,"S-shaped,Classical double,Core-jet,Fanaroff and Riley Class 2 (FR II),Double,Bent tail",71287218
340,393869830,2410044,20705,"Single,1-sided",71287091
341,393989331,2424305,20705,"Diffuse,Fanaroff and Riley Class 1 (FR I)",71287083
342,393989419,2424305,20705,"Fanaroff and Riley Class 0 (FR 0),Wide-angle tail (WAT)",71287247
343,393989464,2424305,20705,Narrow-angle tail (NAT),71287220
344,393989904,2424305,20705,"Single,Diffuse",71287172
345,393989971,2424305,20705,"C-shaped,Core-dominant,Fanaroff and Riley Class 0 (FR 0)",71287167
346,393990026,2424305,20705,Core-jet,71287250
347,393990210,2424305,20705,"Hybrid,Bent tail",71287138
348,393990228,2424305,20705,X-shaped,71287242
349,393990278,2424305,20705,"Double,Diffuse",71287087
350,393990333,2424305,20705,"Core-jet,1-sided",71287295
351,393990391,2424305,20705,S-shaped,71287291
352,393990436,2424305,20705,"Diffuse,1-sided,Core-jet",71287258
353,393990459,2424305,20705,Fanaroff and Riley Class 1 (FR I),71287211
354,393990518,2424305,20705,"Triple,Core-dominant",71287117
355,393990711,2424305,20705,Star Forming Galaxy (SFG),71287265
356,393990768,2424305,20705,"Diffuse,Single",71287140
357,393990806,2424305,20705,"Single,Diffuse",71287030
358,393990945,2424305,20705,"Core-jet,Double",71287234
359,393991137,2424305,20705,Diffuse,71287222
360,394021578,342263,20705,"Single,Classical double,Fanaroff and Riley Class 1 (FR I),Diffuse",71287286
361,394021686,342263,20705,"Double,Fanaroff and Riley Class 2 (FR II),Core-jet,1-sided",71287076
362,394021706,342263,20705,"Single,Star Forming Galaxy (SFG)",71287199
363,394021811,342263,20705,"Double,Classical double,Fanaroff and Riley Class 2 (FR II)",71287058
364,394021867,342263,20705,"Single,Star Forming Galaxy (SFG)",71287281
365,394021880,342263,20705,"Single,Star Forming Galaxy (SFG)",71287182
366,394021900,342263,20705,"Single,Star Forming Galaxy (SFG)",71287255
367,394021952,342263,20705,"Double,Bent tail,Fanaroff and Riley Class 2 (FR II),S-shaped,X-shaped",71287279
368,394021976,342263,20705,"Single,Star Forming Galaxy (SFG)",71287098
369,394021991,342263,20705,"Single,Star Forming Galaxy (SFG)",71287195
370,394035827,1497834,20705,Fanaroff and Riley Class 1 (FR I),71287118
371,394035909,1497834,20705,Diffuse,71287223
372,394035961,1497834,20705,Single,71287062
373,394036030,1497834,20705,"Single,Diffuse",71287049
374,394036172,1497834,20705,1-sided,71287037
375,394036226,1497834,20705,1-sided,71287220
376,394036255,1497834,20705,Compact Symmetric Object (CSO),71287177
377,394036270,1497834,20705,Compact Symmetric Object (CSO),71287245
378,394036336,1497834,20705,Diffuse,71287265
379,394036351,1497834,20705,Core-dominant,71287273
380,394036386,1497834,20705,Diffuse,71287190
381,394036443,1497834,20705,Classical double,71287093
382,394036479,1497834,20705,Classical double,71287093
383,394036597,1497834,20705,"Bent tail,Diffuse",71287005
384,394036625,1497834,20705,Compact Symmetric Object (CSO),71287128
385,394036756,1497834,20705,Single,71287176
386,394036773,1497834,20705,Star Forming Galaxy (SFG),71287182
387,394036792,1497834,20705,Diffuse,71287025
388,394036944,1497834,20705,Diffuse,71287080
389,394037000,1497834,20705,"Classical double,Fanaroff and Riley Class 2 (FR II)",71287061
390,394037019,1497834,20705,"Single,Compact Symmetric Object (CSO)",71287248
391,394037051,1497834,20705,Diffuse,71287063
392,394037078,1497834,20705,Core-dominant,71287011
393,394037130,1497834,20705,"1-sided,Diffuse",71287092
394,394037186,1497834,20705,"Classical double,Fanaroff and Riley Class 2 (FR II)",71287227
395,394037210,1497834,20705,Diffuse,71287289
396,394081098,2410044,20705,"Core-jet,1-sided,Fanaroff and Riley Class 1 (FR I)",71287138
397,394081301,2410044,20705,"Core-jet,1-sided",71287025
398,394081432,2410044,20705,"Fanaroff and Riley Class 1 (FR I),Bent tail,S-shaped",71287143
399,394085534,2410044,20705,Single,71287035
400,394085593,2410044,20705,"Double,Diffuse,Classical double",71287286
401,394085722,2410044,20705,"Wide-angle tail (WAT),Bent tail,Fanaroff and Riley Class 1 (FR I),Triple",71287230
402,394087162,2410044,20705,"Fanaroff and Riley Class 1 (FR I),Triple",71287118
403,394087233,2410044,20705,"Classical double,Diffuse",71287290
404,394087269,2410044,20705,Star Forming Galaxy (SFG),71287078
405,394087552,2410044,20705,Diffuse,71287006
406,394087667,2410044,20705,Double,71287067
407,394087712,2410044,20705,"Single,Core-dominant",71287195
408,394087753,2410044,20705,Double,71287101
409,394087798,2410044,20705,Single,71287129
410,394088267,2410044,20705,"Bent tail,Hybrid",71287113
411,394088268,2410044,20705,"Double,Classical double",71287115
412,394088326,2410044,20705,"Single,Core-dominant,1-sided",71287296
413,394088437,2410044,20705,"Fanaroff and Riley Class 1 (FR I),Core-jet",71287100
414,394088496,2410044,20705,"Single,Fanaroff and Riley Class 0 (FR 0)",71287148
415,394097294,2410044,20705,Single,71287168
416,394097349,2410044,20705,Double,71287015
417,394097516,2410044,20705,"Diffuse,Star Forming Galaxy (SFG)",71287154
418,394097637,2410044,20705,Single,71287262
419,394097853,2410044,20705,Triple,71287213
420,394097993,2410044,20705,"Narrow-angle tail (NAT),Fanaroff and Riley Class 1 (FR I)",71287254
421,394098119,2410044,20705,Double,71287020
422,394098208,2410044,20705,Diffuse,71287132
423,394098341,2410044,20705,"Classical double,Fanaroff and Riley Class 2 (FR II)",71287064
424,394098476,2410044,20705,Diffuse,71287052
425,394098530,2410044,20705,,71287210
426,394098916,2410044,20705,"S-shaped,Diffuse",71287028
427,394099008,2410044,20705,"Double-double (DDRG),Fanaroff and Riley Class 2 (FR II)",71287042
428,394099923,2410044,20705,"Single,Core-dominant",71287204
429,394099924,2410044,20705,Double,71287185
430,394099925,2410044,20705,"Double,Fanaroff and Riley Class 2 (FR II)",71287032
431,394099926,2410044,20705,"Single,Compact Symmetric Object (CSO)",71287112
432,394099927,2410044,20705,"Narrow-angle tail (NAT),Fanaroff and Riley Class 1 (FR I)",71287033
433,394099928,2410044,20705,Star Forming Galaxy (SFG),71287086
434,394099931,2410044,20705,Single,71287160
435,394099985,2410044,20705,"Double,Fanaroff and Riley Class 2 (FR II)",71287058
436,394100006,2410044,20705,Single,71287121
437,394100048,2410044,20705,"Classical double,Fanaroff and Riley Class 2 (FR II)",71287216
438,394100098,2410044,20705,"Single,Core-dominant,Compact Symmetric Object (CSO)",71287031
439,394100099,2410044,20705,"Bent tail,Core-jet",71287092
440,394100109,2410044,20705,Single,71287177
441,394100143,2410044,20705,Single,71287243
442,394100203,2410044,20705,"Single,Core-jet",71287134
443,394100252,2410044,20705,"Single,Core-jet,1-sided",71287174
444,394100269,2410044,20705,"Single,Compact Symmetric Object (CSO)",71287153
445,394100377,2410044,20705,"Fanaroff and Riley Class 2 (FR II),Bent tail,Wide-angle tail (WAT),Triple",71287268
446,394100389,2410044,20705,Single,71287003
447,394100415,2410044,20705,"Single,Core-jet",71287171
448,394100523,2410044,20705,"Single,Core-dominant",71287045
449,394100544,2410044,20705,Diffuse,71287056
450,394100621,2410044,20705,"Single,Core-jet,1-sided",71287008
451,394100683,2410044,20705,"Classical double,Double,Fanaroff and Riley Class 2 (FR II)",71287257
452,394100705,2410044,20705,Single,71287103
453,394100785,2410044,20705,"Single,Core-jet,1-sided",71287250
454,394100910,2410044,20705,"Triple,Core-dominant",71287215
455,394100961,2410044,20705,Diffuse,71287222
456,394101006,2410044,20705,Classical double,71287248
457,394101139,2410044,20705,"Single,Core-dominant",71287265
458,394101180,2410044,20705,Diffuse,71287258
459,394101310,2410044,20705,"Bent tail,Hybrid,S-shaped,Diffuse,Core-jet",71287114
460,394101358,2410044,20705,"Single,Compact Symmetric Object (CSO)",71287079
461,394101409,2410044,20705,Single,71287198
462,394101437,2410044,20705,Star Forming Galaxy (SFG),71287047
463,394101459,2410044,20705,Star Forming Galaxy (SFG),71287089
464,394101574,2410044,20705,Double,71287076
465,394101719,2410044,20705,"Triple,Bent tail,Hybrid",71287242
466,394101793,2410044,20705,"C-shaped,Wide-angle tail (WAT),Fanaroff and Riley Class 2 (FR II),Triple",71287105
467,394104431,2410044,20705,"C-shaped,Diffuse",71287027
468,394104465,2410044,20705,Single,71287021
469,394104596,2410044,20705,"Diffuse,Single,Core-jet,1-sided",71287122
470,394104658,2410044,20705,Star Forming Galaxy (SFG),71287039
471,394104793,2410044,20705,C-shaped,71287068
472,394104833,2410044,20705,"Single,Compact Symmetric Object (CSO)",71286998
473,394104884,2410044,20705,Star Forming Galaxy (SFG),71287077
474,394104991,2410044,20705,Diffuse,71287226
475,394105025,2410044,20705,"Single,Compact Symmetric Object (CSO)",71287164
476,394105099,2410044,20705,Star Forming Galaxy (SFG),71287235
477,394105167,2410044,20705,"Triple,Core-dominant,Fanaroff and Riley Class 2 (FR II)",71287227
478,394111654,2410044,20705,"Narrow-angle tail (NAT),Core-jet,Fanaroff and Riley Class 1 (FR I)",71287224
479,394111803,2410044,20705,"Classical double,Fanaroff and Riley Class 2 (FR II)",71287102
480,394111943,2410044,20705,Diffuse,71287281
481,394111980,2410044,20705,Single,71287099
482,394112043,2410044,20705,Double,71287104
483,394112103,2410044,20705,Diffuse,71287142
484,394112174,2410044,20705,"Single,Compact Symmetric Object (CSO)",71287071
485,394112340,2410044,20705,Single,71287050
486,394112390,2410044,20705,,71287279
487,394112625,2410044,20705,"Fanaroff and Riley Class 2 (FR II),Classical double,Core-jet",71287093
488,394112856,2410044,20705,Fanaroff and Riley Class 1 (FR I),71287146
489,394113022,2410044,20705,Double,71287175
490,394113183,2410044,20705,"Classical double,Core-jet",71287061
491,394113221,2410044,20705,"Single,Compact Symmetric Object (CSO)",71287044
492,394113242,2410044,20705,Single,71287260
493,394113277,2410044,20705,Double,71287019
494,394116241,2410044,20705,"Narrow-angle tail (NAT),Fanaroff and Riley Class 1 (FR I)",71287220
495,394116383,2410044,20705,"Core-jet,Single",71287139
496,394116591,2410044,20705,"Fanaroff and Riley Class 1 (FR I),Hybrid",71287001
497,394116658,2410044,20705,"Single,Core-jet",71287274
498,394116736,2410044,20705,Single,71287256
499,394116893,2410044,20705,"Narrow-angle tail (NAT),Single",71287167
500,394117232,2410044,20705,Diffuse,71287083
501,394211612,2424305,20705,Classical double,71287280
502,394211694,2424305,20705,Double,71287152
503,394211790,2424305,20705,"Star Forming Galaxy (SFG),X-shaped",71287296
504,394211828,2424305,20705,"Core-dominant,Star Forming Galaxy (SFG)",71287010
505,394211901,2424305,20705,"Single,Diffuse",71287293
506,394212001,2424305,20705,Core-jet,71287066
507,394212089,2424305,20705,Single,71287196
508,394212175,2424305,20705,"Wide-angle tail (WAT),Diffuse",71287014
509,394212396,2424305,20705,"Core-jet,Core-dominant",71287177
510,394212431,2424305,20705,Core-jet,71287221
511,394212448,2424305,20705,Star Forming Galaxy (SFG),71287277
512,394212483,2424305,20705,Star Forming Galaxy (SFG),71287264
513,394212552,2424305,20705,"Narrow-angle tail (NAT),Fanaroff and Riley Class 1 (FR I)",71287246
514,394212620,2424305,20705,Triple,71287227
515,394212643,2424305,20705,Star Forming Galaxy (SFG),71287031
516,394212717,2424305,20705,"Single,Core-dominant",71287096
517,394212790,2424305,20705,"Triple,Core-dominant",71287093
518,394212810,2424305,20705,Single,71287082
519,394212898,2424305,20705,Narrow-angle tail (NAT),71287254
520,394212940,2424305,20705,Fanaroff and Riley Class 1 (FR I),71287192
521,394212957,2424305,20705,Star Forming Galaxy (SFG),71287266
522,394213004,2424305,20705,Single,71287180
523,394213083,2424305,20705,Single,71287202
524,394213101,2424305,20705,Star Forming Galaxy (SFG),71287151
525,394213142,2424305,20705,Double,71287125
526,394213215,2424305,20705,"Triple,Core-dominant",71287090
527,394213307,2424305,20705,"Single,Diffuse",71287153
528,394213699,2424305,20705,Triple,71287124
529,394213763,2424305,20705,"Core-jet,1-sided",71287203
530,394213944,2424305,20705,"Core-jet,1-sided",71287076
531,394213967,2424305,20705,Single,71287224
532,394213987,2424305,20705,Single,71287226
533,394214056,2424305,20705,"S-shaped,Diffuse",71287050
534,394214083,2424305,20705,"Core-jet,1-sided",71287208
535,394214100,2424305,20705,Single,71287023
536,394214336,2424305,20705,Triple,71287213
537,394214418,2424305,20705,"Double,Diffuse",71287048
538,394214434,2424305,20705,C-shaped,71287194
539,394214503,2424305,20705,"C-shaped,Wide-angle tail (WAT)",71287022
540,394214546,2424305,20705,X-shaped,71287275
541,394214587,2424305,20705,"Wide-angle tail (WAT),C-shaped",71287040
542,394214625,2424305,20705,"Fanaroff and Riley Class 1 (FR I),Core-dominant",71287146
543,394214699,2424305,20705,Double,71287144
544,394214748,2424305,20705,"Single,Diffuse",71287057
545,394214767,2424305,20705,"Single,Diffuse",71287210
546,394214802,2424305,20705,Star Forming Galaxy (SFG),71287039
547,394214870,2424305,20705,1-sided,71287198
548,394342241,2424305,20705,Star Forming Galaxy (SFG),71287021
549,394342288,2424305,20705,Star Forming Galaxy (SFG),71287084
550,394342369,2424305,20705,"Single,Star Forming Galaxy (SFG)",71287273
551,394342477,2424305,20705,"Bent tail,Core-dominant",71287189
552,394342760,2424305,20705,"Double,Fanaroff and Riley Class 1 (FR I),Core-dominant",71287132
553,394342869,2424305,20705,"Core-jet,Double,1-sided",71287174
554,394343008,2424305,20705,"Single,Diffuse",71287109
555,394343040,2424305,20705,Star Forming Galaxy (SFG),71287223
556,394343128,2424305,20705,"S-shaped,Fanaroff and Riley Class 1 (FR I)",71287239
557,394343266,2424305,20705,"Double,1-sided,Core-jet",71287283
558,394343473,2424305,20705,Hybrid,71286999
559,394343564,2424305,20705,Double,71287004
560,394343801,2424305,20705,"Diffuse,Double",71287289
561,394343925,2424305,20705,"Fanaroff and Riley Class 1 (FR I),Hybrid",71287006
562,394444952,2424305,20705,Classical double,71287279
563,394445006,2424305,20705,"Core-jet,Bent tail",71287110
564,394445133,2424305,20705,Single,71287139
565,394445180,2424305,20705,"Single,Diffuse",71287155
566,394445238,2424305,20705,"S-shaped,Core-dominant",71287269
567,394445271,2424305,20705,Double,71287111
568,394445283,2424305,20705,Star Forming Galaxy (SFG),71287197
569,394445379,2424305,20705,"Single,C-shaped,Diffuse",71287027
570,394445397,2424305,20705,Star Forming Galaxy (SFG),71287278
571,394445421,2424305,20705,"Double,Classical double",71287046
572,394445472,2424305,20705,Fanaroff and Riley Class 1 (FR I),71287281
573,394445499,2424305,20705,"Single,Diffuse",71287119
574,394445528,2424305,20705,1-sided,71287123
575,394445548,2424305,20705,Fanaroff and Riley Class 1 (FR I),71287147
576,394445572,2424305,20705,"Wide-angle tail (WAT),Diffuse",71287178
577,394445627,2424305,20705,"Single,Star Forming Galaxy (SFG)",71287045
578,394445656,2424305,20705,Core-jet,71287051
579,394445677,2424305,20705,Core-jet,71287091
580,394445686,2424305,20705,Single,71287261
581,394445750,2424305,20705,"Wide-angle tail (WAT),C-shaped",71287268
582,394445771,2424305,20705,Star Forming Galaxy (SFG),71287098
583,394445833,2424305,20705,C-shaped,71287115
584,394445941,2424305,20705,Fanaroff and Riley Class 1 (FR I),71287113
585,394445982,2424305,20705,1-sided,71287200
586,394446010,2424305,20705,Double,71287067
587,394446050,2424305,20705,Bent tail,71287005
588,394446079,2424305,20705,Double,71287169
589,394446108,2424305,20705,"Double,1-sided",71287081
590,394446125,2424305,20705,"Single,Diffuse",71287160
591,394446142,2424305,20705,Star Forming Galaxy (SFG),71287179
592,394446167,2424305,20705,Single,71287121
593,394446189,2424305,20705,Star Forming Galaxy (SFG),71287165
594,394446232,2424305,20705,"Fanaroff and Riley Class 1 (FR I),C-shaped",71287205
595,394446247,2424305,20705,Star Forming Galaxy (SFG),71287116
596,394450756,2424305,20705,Triple,71287249
597,394450770,2424305,20705,Star Forming Galaxy (SFG),71287232
598,394450788,2424305,20705,Star Forming Galaxy (SFG),71287181
599,394450811,2424305,20705,"Single,Diffuse",71287225
600,394450881,2424305,20705,"Single,Diffuse",71287245
601,394450926,2424305,20705,Double,71287100
602,394450942,2424305,20705,Star Forming Galaxy (SFG),71287233
603,394450989,2424305,20705,Bent tail,71287052
604,394451026,2424305,20705,Bent tail,71287020
605,394451045,2424305,20705,Star Forming Galaxy (SFG),71287108
606,394451092,2424305,20705,Core-jet,71287171
607,394451210,2424305,20705,"Star Forming Galaxy (SFG),Single",71287288
608,394451297,2424305,20705,Single,71287259
609,394451326,2424305,20705,Single,71287019
610,394451408,2424305,20705,Compact Symmetric Object (CSO),71287248
611,394451472,2424305,20705,Single,71287128
612,394451501,2424305,20705,"Double,Diffuse",71287229
613,394451515,2424305,20705,"Single,Diffuse",71287270
614,394451544,2424305,20705,"Single,C-shaped",71287282
615,394451667,2424305,20705,Core-dominant,71287253
616,394451695,2424305,20705,"C-shaped,Bent tail",71287068
617,394451776,2424305,20705,Fanaroff and Riley Class 1 (FR I),71287002
618,394451873,2424305,20705,Fanaroff and Riley Class 1 (FR I),71287126
619,394451924,2424305,20705,"Fanaroff and Riley Class 1 (FR I),Core-dominant",71287118
620,394451971,2424305,20705,Double,71287257
621,394452019,2424305,20705,"Triple,Fanaroff and Riley Class 1 (FR I),Core-dominant",71287193
622,394452040,2424305,20705,"Single,Star Forming Galaxy (SFG)",71287012
623,394452065,2424305,20705,Star Forming Galaxy (SFG),71287086
624,394847972,1497834,20705,"Diffuse,Core-dominant",71287007
625,394848012,1497834,20705,"Double,Diffuse",71287206
626,394848096,1497834,20705,"Double,Core-jet",71287247
627,394848122,1497834,20705,Single,71287129
628,394848143,1497834,20705,"X-shaped,Diffuse",71287161
629,394848163,1497834,20705,Star Forming Galaxy (SFG),71287272
630,394848202,1497834,20705,"1-sided,Diffuse",71287117
631,394848232,1497834,20705,Star Forming Galaxy (SFG),71287089
632,394848262,1497834,20705,"Single,Diffuse",71287261
633,394848375,1497834,20705,"Bent tail,Fanaroff and Riley Class 1 (FR I),1-sided,Diffuse",71287110
634,394848412,1497834,20705,"Double,Core-jet",71287027
635,394848451,1497834,20705,"Single,Diffuse",71287044
636,394848473,1497834,20705,"Single,Diffuse",71287045
637,394848516,1497834,20705,"Double,Fanaroff and Riley Class 2 (FR II)",71287271
638,394848574,1497834,20705,Diffuse,71286999
639,394848599,1497834,20705,"Single,Diffuse",71287179
640,394848683,1497834,20705,"Single,Diffuse,1-sided",71287070
641,394848713,1497834,20705,"Single,Compact Symmetric Object (CSO)",71287018
642,394848740,1497834,20705,Classical double,71287125
643,394848816,1497834,20705,"Single,Fanaroff and Riley Class 1 (FR I),Diffuse",71287285
644,394848858,1497834,20705,"Single,Diffuse",71287212
645,394848921,1497834,20705,"Wide-angle tail (WAT),Diffuse",71287249
646,394848960,1497834,20705,"Single,Diffuse",71287283
647,394849004,1497834,20705,Single,71287260
648,394849044,1497834,20705,"Single,Star Forming Galaxy (SFG)",71287108
649,394849077,1497834,20705,"Single,Star Forming Galaxy (SFG)",71287277
650,394849102,1497834,20705,Single,71287123
651,394849126,1497834,20705,"Single,Diffuse",71287237
652,394849160,1497834,20705,Narrow-angle tail (NAT),71287068
653,394849203,1497834,20705,"Double,Fanaroff and Riley Class 2 (FR II)",71287276
654,394849230,1497834,20705,Single,71287038
655,394849264,1497834,20705,"Single,Diffuse",71287205
656,394849308,1497834,20705,"Classical double,Fanaroff and Riley Class 2 (FR II)",71287279
657,394849329,1497834,20705,Single,71287160
658,394849364,1497834,20705,"Double,Fanaroff and Riley Class 2 (FR II)",71287029
659,394849858,1497834,20705,Double,71287015
660,394849878,1497834,20705,Single,71287225
661,394849994,1497834,20705,"Single,Core-dominant",71287207
662,394850025,1497834,20705,"Double,Fanaroff and Riley Class 2 (FR II)",71287257
663,394850066,1497834,20705,"Double,Fanaroff and Riley Class 1 (FR I),Diffuse",71287258
664,394850092,1497834,20705,"Single,Core-dominant",71287262
665,394850118,1497834,20705,"Single,Star Forming Galaxy (SFG)",71287047
666,394850192,1497834,20705,"Double,Diffuse,Fanaroff and Riley Class 2 (FR II)",71287122
667,394850251,1497834,20705,"Single,Diffuse",71287081
668,394850407,1497834,20705,Single,71287232
669,394850438,1497834,20705,"Single,Diffuse",71287057
670,394850474,1497834,20705,"Single,Diffuse",71287178
671,394850511,1497834,20705,"Single,Double",71287216
672,394850544,1497834,20705,"Single,Diffuse",71286998
673,394850571,1497834,20705,"Single,Star Forming Galaxy (SFG)",71287077
674,394850608,1497834,20705,"Classical double,Fanaroff and Riley Class 2 (FR II)",71287263
675,394850633,1497834,20705,"Single,Star Forming Galaxy (SFG)",71287098
676,394850656,1497834,20705,Single,71287157
677,394850678,1497834,20705,"Single,Star Forming Galaxy (SFG)",71287181
678,394850702,1497834,20705,,71287222
679,394850739,1497834,20705,"Double,Fanaroff and Riley Class 2 (FR II)",71287058
680,394850797,1497834,20705,"Single,Fanaroff and Riley Class 1 (FR I),Diffuse",71287191
681,394850812,1497834,20705,"Single,Diffuse",71287294
682,394850836,1497834,20705,"Single,Diffuse",71287036
683,394850858,1497834,20705,,71287288
684,394850904,1497834,20705,"Single,Diffuse",71287135
685,394850939,1497834,20705,"Single,Star Forming Galaxy (SFG)",71287296
686,394850965,1497834,20705,Single,71287069
687,394851031,1497834,20705,"Single,Core-dominant",71287162
688,394851085,1497834,20705,"Double,Fanaroff and Riley Class 2 (FR II),Diffuse",71287138
689,394851125,1497834,20705,"Single,Diffuse",71287209
690,394851162,1497834,20705,"Single,Diffuse",71287173
691,394851213,1497834,20705,"Single,Diffuse",71287130
692,394851238,1497834,20705,Single,71287180
693,394851278,1497834,20705,"Single,Diffuse",71287148
694,394851333,1497834,20705,"Single,1-sided",71287204
695,394851388,1497834,20705,"Single,1-sided",71287141
696,394851416,1497834,20705,"Double,Fanaroff and Riley Class 2 (FR II)",71287019
697,394851482,1497834,20705,"Fanaroff and Riley Class 1 (FR I),Core-dominant,Diffuse",71287211
698,394851518,1497834,20705,"Single,Diffuse,Core-dominant",71287274
699,394851530,1497834,20705,Single,71287079
700,394851546,1497834,20705,"Single,Star Forming Galaxy (SFG)",71287072
701,394851670,1497834,20705,Wide-angle tail (WAT),71287268
702,394851707,1497834,20705,Single,71287168
703,394851749,1497834,20705,"Single,Diffuse",71287112
704,394851777,1497834,20705,"Single,Diffuse",71287192
705,394851819,1497834,20705,Hybrid,71287203
706,394851842,1497834,20705,"Single,Diffuse",71287085
707,394873786,2424305,20705,"S-shaped,Fanaroff and Riley Class 1 (FR I)",71287230
708,394873809,2424305,20705,"Wide-angle tail (WAT),Fanaroff and Riley Class 1 (FR I)",71287000
709,394873993,2424305,20705,1-sided,71287184
710,394874023,2424305,20705,Classical double,71287217
711,394874110,2424305,20705,Fanaroff and Riley Class 1 (FR I),71287191
712,394874141,2424305,20705,"Core-dominant,1-sided",71287287
713,394874153,2424305,20705,Single,71287044
714,394874173,2424305,20705,Double,71287073
715,394874188,2424305,20705,"Single,Diffuse",71287059
716,394874329,2424305,20705,Single,71287190
717,394874372,2424305,20705,"Bent tail,1-sided",71287025
718,394874411,2424305,20705,"Bent tail,Fanaroff and Riley Class 1 (FR I)",71287143
719,394874432,2424305,20705,"Single,Diffuse",71287199
720,394874454,2424305,20705,"Single,Diffuse",71287018
721,394874463,2424305,20705,"Single,Diffuse",71287176
722,394874491,2424305,20705,Classical double,71287032
723,394874516,2424305,20705,"Single,Diffuse",71287188
724,394874546,2424305,20705,"Core-dominant,Core-jet,1-sided",71287088
725,394874583,2424305,20705,Single,71287016
726,394874624,2424305,20705,"Single,Diffuse",71287065
727,394874643,2424305,20705,Star Forming Galaxy (SFG),71287063
728,394874661,2424305,20705,Star Forming Galaxy (SFG),71287060
729,394874672,2424305,20705,Star Forming Galaxy (SFG),71287078
730,394874697,2424305,20705,"Single,Diffuse",71287164
731,394874725,2424305,20705,"Double,Wide-angle tail (WAT)",71287173
732,394874740,2424305,20705,Star Forming Galaxy (SFG),71287074
733,394874765,2424305,20705,X-shaped,71287161
734,394874800,2424305,20705,"Core-jet,1-sided",71287274
735,394874835,2424305,20705,"Single,Double",71287013
736,394874860,2424305,20705,"Single,Diffuse",71287099
737,394874895,2424305,20705,"Double,Diffuse",71287131
738,394874910,2424305,20705,"Single,Diffuse",71287097
739,394874925,2424305,20705,"Double,Diffuse",71287104
740,394874943,2424305,20705,"Fanaroff and Riley Class 1 (FR I),C-shaped",71287294
741,394874960,2424305,20705,"Single,Diffuse",71287267
742,394875001,2424305,20705,"Double,1-sided",71287145
743,394875017,2424305,20705,Narrow-angle tail (NAT),71287187
744,394875032,2424305,20705,"Single,Diffuse",71287185
745,394875057,2424305,20705,Star Forming Galaxy (SFG),71287154
746,394875069,2424305,20705,Double,71287286
747,394880985,2424305,20705,Single,71286998
748,394881001,2424305,20705,"Single,Diffuse",71287240
749,394881048,2424305,20705,"Single,C-shaped",71287085
750,394881089,2424305,20705,Star Forming Galaxy (SFG),71287077
751,394881191,2424305,20705,"Core-jet,Core-dominant,1-sided",71287215
752,394881231,2424305,20705,Single,71287007
753,394881254,2424305,20705,Classical double,71287102
754,394881359,2424305,20705,"Single,C-shaped",71287256
755,394881398,2424305,20705,"Core-jet,1-sided",71287255
756,394881430,2424305,20705,"Single,Diffuse",71287079
757,395027752,2424305,20705,"Double,1-sided",71287038
758,395027851,2424305,20705,"Single,C-shaped",71287042
759,395027882,2424305,20705,Star Forming Galaxy (SFG),71287094
760,395027971,2424305,20705,"Star Forming Galaxy (SFG),Diffuse",71287183
761,395028004,2424305,20705,Star Forming Galaxy (SFG),71287244
762,395028042,2424305,20705,Single,71287071
763,395028421,2424305,20705,"Single,Diffuse",71287056
764,395028540,2424305,20705,"C-shaped,Bent tail",71287041
765,395028603,2424305,20705,"Diffuse,Star Forming Galaxy (SFG)",71287120
766,395028786,2424305,20705,"Core-jet,1-sided",71287053
767,395028858,2424305,20705,"Core-jet,1-sided",71287214
768,395029146,2424305,20705,"Diffuse,Double",71287284
769,395029193,2424305,20705,"Single,Diffuse",71287157
770,395029319,2424305,20705,"Single,Bent tail",71287141
771,395029345,2424305,20705,Star Forming Galaxy (SFG),71287231
772,395029544,2424305,20705,"Bent tail,C-shaped",71287092
773,395029658,2424305,20705,"Double,S-shaped",71287156
774,395029720,2424305,20705,"1-sided,Core-jet",71287252
775,395029759,2424305,20705,Star Forming Galaxy (SFG),71287159
776,395029948,2424305,20705,Double-double (DDRG),71287276
777,395030058,2424305,20705,"Single,Diffuse",71287137
778,395030095,2424305,20705,Star Forming Galaxy (SFG),71287047
779,395030308,2424305,20705,"Core-jet,1-sided",71287175
780,395030357,2424305,20705,"Single,Star Forming Galaxy (SFG)",71287049
781,395030448,2424305,20705,"Single,Core-jet",71287212
782,395030527,2424305,20705,Triple,71287061
783,395030570,2424305,20705,Star Forming Galaxy (SFG),71287182
784,395040769,2424305,20705,"Single,Bent tail",71287122
785,395040804,2424305,20705,"Single,Diffuse",71287166
786,395040845,2424305,20705,Star Forming Galaxy (SFG),71287089
787,395041230,2424305,20705,Single,71287103
788,395041298,2424305,20705,"Single,Diffuse",71287260
789,395041347,2424305,20705,Star Forming Galaxy (SFG),71287236
790,395041379,2424305,20705,"Single,Diffuse",71287036
791,395041404,2424305,20705,Single,71287127
792,395041503,2424305,20705,"Single,1-sided,Core-jet",71287206
793,395041516,2424305,20705,Star Forming Galaxy (SFG),71287272
794,395041555,2424305,20705,Star Forming Galaxy (SFG),71287235
795,395041590,2424305,20705,"Single,Diffuse",71287075
796,395041628,2424305,20705,Classical double,71287263
797,395041693,2424305,20705,C-shaped,71287105
798,395043164,2424305,20705,"Core-jet,1-sided",71287008
799,395043214,2424305,20705,Diffuse,71287070
800,395043260,2424305,20705,Triple,71287290
801,395043305,2424305,20705,Fanaroff and Riley Class 1 (FR I),71287114
802,395043357,2424305,20705,Single,71287285
803,395043402,2424305,20705,"Single,Diffuse",71287129
804,395043440,2424305,20705,"Single,Diffuse",71287243
805,395043525,2424305,20705,Single,71287003
806,395043563,2424305,20705,Single,71287148
807,395043589,2424305,20705,Triple,71287033
808,395043643,2424305,20705,"Fanaroff and Riley Class 1 (FR I),Core-dominant",71287163
809,395043688,2424305,20705,Double,71287201
810,395043705,2424305,20705,Classical double,71287064
811,395043725,2424305,20705,Double,71287015
812,395043751,2424305,20705,"Double,Diffuse",71287037
813,395043787,2424305,20705,Star Forming Galaxy (SFG),71287017
814,395043815,2424305,20705,"Double,X-shaped",71287034
815,395043852,2424305,20705,"Single,Diffuse",71287207
816,395043874,2424305,20705,"Single,Diffuse",71287026
817,395043950,2424305,20705,"Core-jet,1-sided",71287238
818,395043983,2424305,20705,Single,71287101
819,395044010,2424305,20705,"Single,Diffuse",71287162
820,395044044,2424305,20705,"Double,Diffuse",71287080
821,395044167,2424305,20705,"Triple,Bent tail,Diffuse",71287009
822,395044228,2424305,20705,Double-double (DDRG),71287186
823,395044905,2424305,20705,Bent tail,71287095
824,395044927,2424305,20705,Single,71287292
825,395044951,2424305,20705,Single,71287112
826,395044979,2424305,20705,Star Forming Galaxy (SFG),71287107
827,395044997,2424305,20705,Star Forming Galaxy (SFG),71287204
828,395045087,2424305,20705,"Single,1-sided",71287106
829,395045131,2424305,20705,"Wide-angle tail (WAT),Diffuse,Core-dominant",71287228
830,395045172,2424305,20705,"Single,1-sided",71287149
831,395045188,2424305,20705,Single,71287262
832,395045208,2424305,20705,Classical double,71287043
833,395045289,2424305,20705,"Double,Double-double (DDRG)",71287001
834,395045316,2424305,20705,"Single,Diffuse",71287170
835,395045457,2424305,20705,"Fanaroff and Riley Class 1 (FR I),Diffuse",71287133
836,395045478,2424305,20705,"Single,Diffuse",71287150
837,395045543,2424305,20705,"S-shaped,Double,Double-double (DDRG)",71287218
838,395045587,2424305,20705,"Double,Diffuse",71287142
839,395045706,2424305,20705,"Single,Diffuse",71287054
840,395045745,2424305,20705,"Single,Core-jet",71287158
841,395045776,2424305,20705,Single,71287195
842,395045813,2424305,20705,Double,71287058
843,395045855,2424305,20705,Double,71287216
844,395045874,2424305,20705,"Single,Diffuse",71287069
845,395045900,2424305,20705,"Double,X-shaped",71287029
846,395045917,2424305,20705,"Single,Diffuse",71287251
847,395045938,2424305,20705,"Single,Diffuse",71287062
848,395046012,2424305,20705,"S-shaped,Double-double (DDRG),Fanaroff and Riley Class 1 (FR I)",71287028
849,395046032,2424305,20705,"Single,Diffuse",71287237
850,395046071,2424305,20705,"Triple,Core-dominant",71287134
851,395046097,2424305,20705,Double,71287055
852,395046140,2424305,20705,"Single,Core-jet",71287011
853,395046169,2424305,20705,"Single,Diffuse",71287135
854,395046186,2424305,20705,Classical double,71287241
855,395046216,2424305,20705,Single,71287168
856,395046250,2424305,20705,"Double,Wide-angle tail (WAT)",71287136
857,395046281,2424305,20705,Single,71287209
858,395046295,2424305,20705,Star Forming Galaxy (SFG),71287072
859,395046308,2424305,20705,Star Forming Galaxy (SFG),71287130
860,395046330,2424305,20705,Star Forming Galaxy (SFG),71287035
861,395046352,2424305,20705,Fanaroff and Riley Class 1 (FR I),71287219
862,395046368,2424305,20705,Star Forming Galaxy (SFG),71287024
863,395046389,2424305,20705,Triple,71287271
864,395046424,2424305,20705,"Fanaroff and Riley Class 1 (FR I),Core-dominant",71287211
865,395046448,2424305,20705,Single,71287259
866,395046468,2424305,20705,"Triple,Core-dominant",71287247
867,395046484,2424305,20705,Star Forming Galaxy (SFG),71287235
868,395046525,2424305,20705,"Single,C-shaped,Diffuse",71287256
869,395046575,2424305,20705,"Fanaroff and Riley Class 1 (FR I),Core-dominant",71287219
870,395046592,2424305,20705,Double,71287144
871,395046614,2424305,20705,Single,71287292
872,395046633,2424305,20705,Triple,71287227
873,395046680,2424305,20705,"Bent tail,Wide-angle tail (WAT),Core-dominant",71287230
874,395046731,2424305,20705,"C-shaped,Core-dominant",71287294
875,395046766,2424305,20705,Double,71287295
876,395046789,2424305,20705,Single,71287224
877,395046831,2424305,20705,"Double,Bent tail",71287242
878,395046866,2424305,20705,"Fanaroff and Riley Class 1 (FR I),Core-dominant",71287281
879,395046885,2424305,20705,Double,71287203
880,395046963,2424305,20705,"S-shaped,Fanaroff and Riley Class 1 (FR I),Core-dominant",71287143
881,395046986,2424305,20705,Star Forming Galaxy (SFG),71287204
882,395047009,2424305,20705,Star Forming Galaxy (SFG),71287235
883,395047089,2424305,20705,"Double-double (DDRG),Triple",71287276
884,395047121,2424305,20705,"Single,Core-jet,1-sided",71287206
885,395047151,2424305,20705,"Single,Diffuse",71287205
886,395047172,2424305,20705,Star Forming Galaxy (SFG),71287272
887,395047198,2424305,20705,Star Forming Galaxy (SFG),71287204
888,395047275,2424305,20705,"Bent tail,Core-jet",71287293
889,395047313,2424305,20705,"C-shaped,Core-dominant",71287294
890,395047329,2424305,20705,Classical double,71287263
891,395047349,2424305,20705,Single,71287285
892,395047460,2424305,20705,"Fanaroff and Riley Class 1 (FR I),Core-dominant",71287281
893,395047508,2424305,20705,"Wide-angle tail (WAT),C-shaped,Fanaroff and Riley Class 1 (FR I)",71287239
894,395047530,2424305,20705,Single,71287225
895,395716015,342263,20705,"Single,Double,Diffuse",71287101
896,395716126,342263,20705,"Bent tail,Wide-angle tail (WAT),Hybrid",71287022
897,395716160,342263,20705,Single,71287192
898,395716283,342263,20705,"Double,Fanaroff and Riley Class 2 (FR II),Double-double (DDRG)",71287213
899,395716302,342263,20705,Single,71287109
900,395716444,342263,20705,"Double,Fanaroff and Riley Class 2 (FR II)",71287032
901,395716484,342263,20705,"Triple,Diffuse",71287095
902,395716504,342263,20705,"Classical double,Fanaroff and Riley Class 2 (FR II)",71287042
903,395716554,342263,20705,"Double,Bent tail,Fanaroff and Riley Class 2 (FR II),S-shaped",71287114
904,395716570,342263,20705,"Single,Diffuse,Star Forming Galaxy (SFG)",71287017
905,395716693,342263,20705,"Double,Bent tail,Fanaroff and Riley Class 0 (FR 0),C-shaped",71287230
906,395728464,342263,20705,Single,71287212
907,395728495,342263,20705,Double,71287019
908,395728525,342263,20705,Single,71287262
909,395728589,342263,20705,"Single,Fanaroff and Riley Class 1 (FR I)",71287147
910,395728643,342263,20705,"Double,Single",71287190
911,395728656,342263,20705,Single,71287007
912,395728676,342263,20705,"Single,Star Forming Galaxy (SFG)",71287108
913,395728697,342263,20705,Single,71287292
914,395728740,342263,20705,"Double,Narrow-angle tail (NAT),Bent tail,1-sided",71287020
915,395729050,342263,20705,"Single,1-sided",71287200
916,395729116,342263,20705,"Double,Triple,Fanaroff and Riley Class 2 (FR II),Bent tail",71287061
917,395729177,342263,20705,"Double,Hybrid,S-shaped,Double-double (DDRG)",71287217
918,395729227,342263,20705,Double,71287010
919,395729307,342263,20705,"Triple,S-shaped,Hybrid",71287028
920,395729344,342263,20705,"Classical double,Fanaroff and Riley Class 2 (FR II)",71287064
921,395729367,342263,20705,"Single,Star Forming Galaxy (SFG)",71287277
922,395729400,342263,20705,Single,71287075
923,395729430,342263,20705,"Single,Star Forming Galaxy (SFG)",71287130
924,395729461,342263,20705,Single,71287141
925,395729501,342263,20705,Single,71287081
926,395729529,342263,20705,"Single,Bent tail,Diffuse",71287291
927,395729582,342263,20705,"Single,Double",71287170
928,395729641,342263,20705,Triple,71287136
929,395729657,342263,20705,Single,71287251
930,395730035,342263,20705,"Triple,Diffuse,Star Forming Galaxy (SFG)",71287089
931,395730053,342263,20705,"Single,Star Forming Galaxy (SFG)",71287069
932,395730088,342263,20705,"Single,Core-jet,1-sided",71287079
933,395730135,342263,20705,"Narrow-angle tail (NAT),Bent tail,Fanaroff and Riley Class 1 (FR I),Core-jet,1-sided",71287287
934,395730206,342263,20705,"Double,Single,Diffuse",71287080
935,395730314,342263,20705,Single,71287248
936,395730354,342263,20705,"Double,Bent tail,Fanaroff and Riley Class 2 (FR II),C-shaped",71287067
937,395730400,342263,20705,"Double,Triple,Bent tail,Fanaroff and Riley Class 2 (FR II),C-shaped",71287046
938,395730412,342263,20705,Single,71287117
939,395730427,342263,20705,Single,71287099
940,395730449,342263,20705,Single,71287097
941,395730457,342263,20705,Single,71287129
942,395730503,342263,20705,"Fanaroff and Riley Class 1 (FR I),Core-dominant,Hybrid",71287211
943,395730525,342263,20705,Single,71287294
944,395730544,342263,20705,Single,71287041
945,395730584,342263,20705,"Triple,C-shaped,Core-dominant,Fanaroff and Riley Class 1 (FR I)",71287163
946,395730598,342263,20705,"Single,Star Forming Galaxy (SFG)",71287084
947,395730612,342263,20705,Single,71287168
948,395730661,342263,20705,"Triple,Wide-angle tail (WAT),Narrow-angle tail (NAT),C-shaped,Fanaroff and Riley Class 2 (FR II),Core-dominant",71287246
949,395730703,342263,20705,"X-shaped,Core-dominant",71287275
950,395730763,342263,20705,"Narrow-angle tail (NAT),Double,Triple,Fanaroff and Riley Class 2 (FR II),Hybrid,1-sided",71287137
951,395730781,342263,20705,"Single,Star Forming Galaxy (SFG),1-sided",71287035
952,395730826,342263,20705,"Narrow-angle tail (NAT),1-sided",71287083
953,395730844,342263,20705,Single,71287121
954,395730864,342263,20705,"Single,Star Forming Galaxy (SFG)",71287265
955,395731392,342263,20705,"Double,Triple,Fanaroff and Riley Class 2 (FR II),Hybrid",71287043
956,395731415,342263,20705,Double,71287015
957,395731428,342263,20705,Single,71287245
958,395731437,342263,20705,Single,71287185
959,395731545,342263,20705,"Narrow-angle tail (NAT),Core-jet,1-sided,Fanaroff and Riley Class 2 (FR II),Double",71287138
960,395731589,342263,20705,"Double,Bent tail,Fanaroff and Riley Class 1 (FR I),C-shaped",71287009
961,395731629,342263,20705,"Double,Fanaroff and Riley Class 2 (FR II)",71287283
962,395731657,342263,20705,"Double,Bent tail,Fanaroff and Riley Class 2 (FR II),C-shaped",71287173
963,395731678,342263,20705,Double,71287087
964,395731698,342263,20705,Single,71287238
965,395731856,342263,20705,"Double,Fanaroff and Riley Class 2 (FR II),Classical double",71287106
966,395731872,342263,20705,Double,71287169
967,395731900,342263,20705,"Single,Double,Star Forming Galaxy (SFG)",71287063
968,395731934,342263,20705,"Double,X-shaped",71287242
969,395731940,342263,20705,Single,71287210
970,395732063,342263,20705,"Double,Core-dominant,Core-jet,1-sided",71287088
971,395732079,342263,20705,"Single,Star Forming Galaxy (SFG)",71287264
972,395732090,342263,20705,"Single,Star Forming Galaxy (SFG)",71287018
973,395732105,342263,20705,"Single,Star Forming Galaxy (SFG)",71287094
974,395732147,342263,20705,"Single,1-sided",71287096
975,395732162,342263,20705,"Single,Star Forming Galaxy (SFG)",71287078
976,395732215,342263,20705,"Double,Hybrid,Classical double",71287102
977,395732272,342263,20705,"Double,Classical double,Triple,Fanaroff and Riley Class 2 (FR II),Fanaroff and Riley Class 1 (FR I)",71287276
978,395732307,342263,20705,"Single,Double,Triple,1-sided",71287206
979,395732320,342263,20705,"Single,Star Forming Galaxy (SFG)",71287077
980,395732328,342263,20705,Single,71287256
981,395732350,342263,20705,Single,71287070
982,395732367,342263,20705,"Single,Star Forming Galaxy (SFG)",71287223
983,395732400,342263,20705,"Double,1-sided,Star Forming Galaxy (SFG)",71287197
984,395732465,342263,20705,"Double,Bent tail,S-shaped",71287156
985,395732481,342263,20705,Single,71287177
986,395732999,342263,20705,"Double,Fanaroff and Riley Class 2 (FR II)",71287013
987,395733014,342263,20705,Double,71287201
988,395733047,342263,20705,"Classical double,Double,Fanaroff and Riley Class 1 (FR I),Fanaroff and Riley Class 2 (FR II)",71287247
989,395733076,342263,20705,"Double,Wide-angle tail (WAT),X-shaped",71287144
990,395733089,342263,20705,Single,71287167
991,395733115,342263,20705,Single,71287128
992,395733131,342263,20705,Single,71287145
993,395733158,342263,20705,"Double,Fanaroff and Riley Class 2 (FR II),Classical double",71287241
994,395733180,342263,20705,"Double,Core-dominant,1-sided",71287133
995,395733204,342263,20705,"Double,Fanaroff and Riley Class 2 (FR II),Bent tail",71287073
996,395733211,342263,20705,Single,71287202
997,395733226,342263,20705,"Single,Star Forming Galaxy (SFG)",71287151
998,395733234,342263,20705,"Single,Star Forming Galaxy (SFG)",71287116
999,395733246,342263,20705,"Single,Star Forming Galaxy (SFG)",71287179
1000,395733315,342263,20705,"Single,Diffuse,Core-dominant,Core-jet,1-sided",71287178
1001,395733325,342263,20705,Single,71287205
1002,395733385,342263,20705,Single,71287060
1003,395733402,342263,20705,Single,71287068
1004,395733411,342263,20705,Single,71287103
1005,395733436,342263,20705,"Single,Bent tail,C-shaped,Core-dominant,Core-jet,1-sided",71287025
1006,395733468,342263,20705,"Triple,Classical double,Hybrid,Fanaroff and Riley Class 2 (FR II)",71287271
1007,395733478,342263,20705,"Single,Star Forming Galaxy (SFG)",71287072
1008,395733503,342263,20705,"Double,Fanaroff and Riley Class 1 (FR I)",71287203
1009,395733526,342263,20705,"Fanaroff and Riley Class 1 (FR I),Core-dominant",71287219
1010,395733554,342263,20705,"Bent tail,Fanaroff and Riley Class 1 (FR I),S-shaped",71287239
1011,395733597,342263,20705,"Double,Triple,1-sided",71287052
1012,395733612,342263,20705,"Single,Star Forming Galaxy (SFG)",71287244
1013,395733644,342263,20705,"Narrow-angle tail (NAT),Core-jet,1-sided",71287142
1014,395733671,342263,20705,"X-shaped,Hybrid,Triple,Single",71287226
1015,395733729,342263,20705,"Odd Radio Circle (ORC),Core-jet,1-sided",71287258
1016,395733743,342263,20705,"Double,Fanaroff and Riley Class 2 (FR II)",71287257
1017,395733763,342263,20705,"Double,Classical double,Fanaroff and Riley Class 2 (FR II)",71287125
1018,395733776,342263,20705,Single,71287243
1019,395733787,342263,20705,Single,71287085
1020,395734169,342263,20705,"Triple,Fanaroff and Riley Class 2 (FR II)",71287227
1021,395734212,342263,20705,"Single,Double,Fanaroff and Riley Class 1 (FR I)",71287285
1022,395734220,342263,20705,Single,71287123
1023,395734244,342263,20705,"Double,Fanaroff and Riley Class 2 (FR II),Hybrid,S-shaped",71287280
1024,395734275,342263,20705,"Double,Triple,Fanaroff and Riley Class 2 (FR II)",71287250
1025,395734296,342263,20705,"Double,Fanaroff and Riley Class 1 (FR I),Fanaroff and Riley Class 2 (FR II)",71287004
1026,395734309,342263,20705,Single,71287150
1027,395734317,342263,20705,Single,71287162
1028,395734335,342263,20705,"C-shaped,Core-dominant",71287191
1029,395734402,342263,20705,"Bent tail,C-shaped,Narrow-angle tail (NAT),Fanaroff and Riley Class 2 (FR II),Hybrid,Double-double (DDRG),Core-dominant",71287105
1030,395734420,342263,20705,"Single,Star Forming Galaxy (SFG)",71287273
1031,395734452,342263,20705,"Single,Star Forming Galaxy (SFG)",71287086
1032,395734482,342263,20705,"Single,Double,Fanaroff and Riley Class 2 (FR II),Classical double",71287149
1033,395734520,342263,20705,"Triple,Double-double (DDRG),Fanaroff and Riley Class 2 (FR II)",71287218
1034,395734532,342263,20705,Single,71287188
1035,395734546,342263,20705,"Double,Star Forming Galaxy (SFG),1-sided",71287039
1036,395734565,342263,20705,Single,71286998
1037,395734569,342263,20705,Single,71287160
1038,395734604,342263,20705,"Classical double,1-sided",71287174
1039,395734614,342263,20705,Double,71287229
1040,395734631,342263,20705,Single,71287225
1041,395734657,342263,20705,"Double,Star Forming Galaxy (SFG)",71287266
1042,395734689,342263,20705,"Single,Core-jet,1-sided",71287066
1043,395734724,342263,20705,"Narrow-angle tail (NAT),Double,Core-jet,1-sided",71287220
1044,395734736,342263,20705,Single,71287091
1045,395734754,342263,20705,Double,71287175
1046,395734787,342263,20705,"Single,Double",71287295
1047,395734821,342263,20705,"Single,X-shaped,S-shaped,Diffuse,Core-jet,1-sided",71287005
1048,395734860,342263,20705,"Bent tail,C-shaped,S-shaped,Core-dominant,Core-jet",71287269
1049,395734871,342263,20705,Double,71287104
1050,395734885,342263,20705,"Single,1-sided",71287221
1051,395734898,342263,20705,Single,71287164
1052,395734909,342263,20705,Single,71287135
1053,395734965,342263,20705,"Triple,Wide-angle tail (WAT),Bent tail,Fanaroff and Riley Class 1 (FR I),Fanaroff and Riley Class 2 (FR II),Hybrid,S-shaped,Double-double (DDRG),Core-dominant",71287126
1054,395734986,342263,20705,Single,71287119
1055,395735006,342263,20705,Single,71287152
1056,395735022,342263,20705,"Single,Star Forming Galaxy (SFG)",71287012
1057,395735040,342263,20705,"Single,Star Forming Galaxy (SFG)",71287284
1058,395735061,342263,20705,"Single,Star Forming Galaxy (SFG)",71287050
1059,395735080,342263,20705,Single,71287254
1060,395735093,342263,20705,Single,71287153
1061,395735104,342263,20705,Single,71287289
1062,395735120,342263,20705,Single,71287180
1063,395735133,342263,20705,Single,71287111
1064,395735161,342263,20705,"Single,Double,Star Forming Galaxy (SFG)",71287154
1065,395735177,342263,20705,Single,71287057
1066,395735234,342263,20705,"Triple,C-shaped,Fanaroff and Riley Class 1 (FR I),Fanaroff and Riley Class 2 (FR II),Hybrid",71287118
1067,395735280,342263,20705,"Single,Double,Core-jet,Core-dominant,1-sided",71287214
1068,395735365,342263,20705,"Triple,Wide-angle tail (WAT),Narrow-angle tail (NAT),Bent tail,Fanaroff and Riley Class 1 (FR I),Hybrid,Fanaroff and Riley Class 2 (FR II),C-shaped,Core-dominant",71287000
1069,395735393,342263,20705,Single,71287065
1070,395735434,342263,20705,"Double,Star Forming Galaxy (SFG)",71287107
1071,395735461,342263,20705,Single,71287249
1072,395735485,342263,20705,"Single,Star Forming Galaxy (SFG)",71287288
1073,395735512,342263,20705,"Single,Star Forming Galaxy (SFG)",71287120
1074,395735813,342263,20705,"Single,Double,Fanaroff and Riley Class 2 (FR II)",71287224
1075,395735839,342263,20705,"Single,Core-jet,1-sided",71287038
1076,395735881,342263,20705,"Double,Fanaroff and Riley Class 2 (FR II),C-shaped,Bent tail",71287134
1077,395735916,342263,20705,"Single,C-shaped",71287014
1078,395735932,342263,20705,"Single,Star Forming Galaxy (SFG)",71287165
1079,395736035,342263,20705,"Double,Triple,Fanaroff and Riley Class 2 (FR II),Bent tail,C-shaped,Core-dominant",71287193
1080,395736117,342263,20705,"Narrow-angle tail (NAT),1-sided",71287092
1081,395737830,342263,20705,"Odd Radio Circle (ORC),Single",71287056
1082,395737869,342263,20705,Single,71287148
1083,395738023,342263,20705,"Single,1-sided,Core-jet,Fanaroff and Riley Class 2 (FR II)",71287274
1084,395738425,342263,20705,"Double,Fanaroff and Riley Class 1 (FR I),Hybrid,Fanaroff and Riley Class 2 (FR II),X-shaped,C-shaped,Double-double (DDRG)",71287216
1085,395738508,342263,20705,X-shaped,71287161
1086,395738822,342263,20705,"Double,Triple,Wide-angle tail (WAT),Fanaroff and Riley Class 2 (FR II),Fanaroff and Riley Class 1 (FR I),Hybrid,Bent tail,Core-dominant",71287113
1087,395738971,342263,20705,"Double,Narrow-angle tail (NAT),Bent tail,Fanaroff and Riley Class 1 (FR I),Hybrid,C-shaped",71287290
1088,395739013,342263,20705,"Single,Star Forming Galaxy (SFG)",71287232
1089,395739055,342263,20705,Single,71287208
1090,395739076,342263,20705,"Single,Star Forming Galaxy (SFG)",71287047
1091,395739108,342263,20705,Single,71287124
1092,395739162,342263,20705,"Single,Core-dominant,Core-jet",71287158
1093,395739193,342263,20705,"Single,Star Forming Galaxy (SFG)",71287074
1094,395739226,342263,20705,"Single,Star Forming Galaxy (SFG)",71287183
1095,395739349,342263,20705,Single,71287155
1096,395739407,342263,20705,Double,71287048
1097,395739432,342263,20705,"Single,Star Forming Galaxy (SFG)",71287272
1098,395739495,342263,20705,"Single,Core-jet,1-sided",71287122
1099,395739541,342263,20705,"Single,1-sided",71287090
1100,395739679,342263,20705,"Double,Triple,Fanaroff and Riley Class 1 (FR I),Hybrid,Double-double (DDRG)",71287146
1101,395739714,342263,20705,Single,71287260
1102,395739767,342263,20705,"Single,Core-dominant",71287040
1103,395739792,342263,20705,Single,71287059
1104,395739902,342263,20705,"Single,Fanaroff and Riley Class 2 (FR II),1-sided",71287053
1105,395740033,342263,20705,"Triple,Bent tail,Fanaroff and Riley Class 2 (FR II),C-shaped,S-shaped,Hybrid,Core-dominant",71287268
1106,395740133,342263,20705,"Double,Hybrid,1-sided,Core-dominant,Core-jet",71287189
1107,395740208,342263,20705,"Single,1-sided",71287139
1108,395740249,342263,20705,Single,71287140
1109,395740457,342263,20705,"Bent tail,Double-double (DDRG),S-shaped,Fanaroff and Riley Class 1 (FR I)",71287143
1110,395740485,342263,20705,Single,71287240
1111,395740617,342263,20705,"Triple,Bent tail,Fanaroff and Riley Class 1 (FR I),Fanaroff and Riley Class 2 (FR II),Hybrid,C-shaped,Double-double (DDRG)",71287001
1112,395740643,342263,20705,"Single,Star Forming Galaxy (SFG)",71287024
1113,395740665,342263,20705,Single,71287157
1114,395740689,342263,20705,"Single,Star Forming Galaxy (SFG)",71287159
1115,395740709,342263,20705,Single,71287252
1116,395740723,342263,20705,Single,71287207
1117,395740760,342263,20705,Single,71287166
1118,395740799,342263,20705,"Single,Fanaroff and Riley Class 2 (FR II),1-sided",71287023
1119,395740909,342263,20705,Odd Radio Circle (ORC),71287002
1120,395741064,342263,20705,Single,71287171
1121,395741166,342263,20705,"Wide-angle tail (WAT),Bent tail,Fanaroff and Riley Class 1 (FR I),Core-dominant",71287187
1122,395741187,342263,20705,Single,71287082
1123,395741224,342263,20705,"Double,X-shaped",71287029
1124,395741308,342263,20705,"Double,Triple,Fanaroff and Riley Class 1 (FR I),Fanaroff and Riley Class 2 (FR II),Diffuse,Core-jet,Core-dominant,1-sided",71287131
1125,395741368,342263,20705,"Narrow-angle tail (NAT),1-sided,Core-jet",71287186
1126,395741381,342263,20705,Single,71287037
1127,395741401,342263,20705,Single,71287222
1128,395741429,342263,20705,Double,71287234
1129,395741464,342263,20705,"Double,Fanaroff and Riley Class 1 (FR I),Hybrid",71287034
1130,395741479,342263,20705,Single,71287261
1131,395741517,342263,20705,Single,71287045
1132,395741600,342263,20705,"Narrow-angle tail (NAT),Double,1-sided",71287006
1133,395741621,342263,20705,Single,71287176
1134,395741661,342263,20705,Single,71287196
1135,395741854,342263,20705,"Odd Radio Circle (ORC),Single,X-shaped",71287054
1136,395741878,342263,20705,"Single,Core-jet,1-sided",71287008
1137,395742116,342263,20705,"Single,S-shaped,C-shaped,1-sided",71287110
1138,395742117,342263,20705,Single,71287112
1139,395742174,342263,20705,Single,71287267
1140,395742205,342263,20705,"Single,Star Forming Galaxy (SFG)",71287236
1141,395742289,342263,20705,Single,71287036
1142,395742618,342263,20705,"Narrow-angle tail (NAT),Core-jet,Core-dominant,1-sided",71287184
1143,395742648,342263,20705,"Single,Core-jet,1-sided",71287215
1144,395742701,342263,20705,"Single,Star Forming Galaxy (SFG)",71287194
1145,395742715,342263,20705,"Single,Star Forming Galaxy (SFG)",71287181
1146,395742727,342263,20705,Single,71287270
1147,395742742,342263,20705,Single,71287237
1148,395742765,342263,20705,Single,71287026
1149,395742786,342263,20705,"Single,1-sided",71287011
1150,395742838,342263,20705,"Double,Fanaroff and Riley Class 2 (FR II),C-shaped",71287132
1151,395742959,342263,20705,"Single,Diffuse,C-shaped,Wide-angle tail (WAT)",71286999
1152,395742980,342263,20705,Single,71287003
1153,395743000,342263,20705,Single,71287049
1154,395743014,342263,20705,"Single,Star Forming Galaxy (SFG)",71287278
1155,395743035,342263,20705,"Single,Star Forming Galaxy (SFG)",71287021
1156,395743110,342263,20705,"Triple,Fanaroff and Riley Class 2 (FR II),Double-double (DDRG),Hybrid",71287033
1157,395743124,342263,20705,"Single,Star Forming Galaxy (SFG)",71287231
1158,395743140,342263,20705,Single,71287282
1159,395743156,342263,20705,Single,71287016
1160,395743170,342263,20705,Single,71287209
1161,395743190,342263,20705,Single,71287031
1162,395743255,342263,20705,"Single,Star Forming Galaxy (SFG)",71287235
1163,395882726,342263,20705,X-shaped,71287228
1164,395882764,342263,20705,Double,71287055
1165,395882819,342263,20705,"Single,Core-jet",71287293
1166,395882849,342263,20705,Classical double,71287051
1167,395882893,342263,20705,"Single,1-sided,Core-jet",71287204
1168,395882932,342263,20705,Single,71287198
1169,395882959,342263,20705,"Single,Star Forming Galaxy (SFG)",71287296
1170,395882983,342263,20705,Single,71287172
1171,395883010,342263,20705,Single,71287127
1172,395883075,342263,20705,"Double,Hybrid",71287100
1173,395883151,342263,20705,"Single,Wide-angle tail (WAT),C-shaped",71287115
1174,395883175,342263,20705,Single,71287062
1175,395883198,342263,20705,Single,71287259
1176,395883258,342263,20705,Single,71287044
1177,395883282,342263,20705,Single,71287093
1178,395883300,342263,20705,Single,71287071
1179,395883372,342263,20705,"Double,Fanaroff and Riley Class 1 (FR I),Hybrid,S-shaped,X-shaped",71287027
1180,395883401,342263,20705,Single,71287267
1181,395883439,342263,20705,Single,71287212
1182,395883502,342263,20705,"Double,Triple",71287227
1183,395883525,342263,20705,"Single,Star Forming Galaxy (SFG)",71287265
1184,395883547,342263,20705,Single,71287210
1185,395883676,342263,20705,"Bent tail,Triple,Fanaroff and Riley Class 2 (FR II),Hybrid,S-shaped,C-shaped,Double-double (DDRG),Core-dominant",71287269
1186,395883700,342263,20705,"Single,Star Forming Galaxy (SFG)",71287278
1187,395883814,342263,20705,"Double,Fanaroff and Riley Class 1 (FR I)",71287286
1188,395883875,342263,20705,"Double,Classical double,Fanaroff and Riley Class 2 (FR II)",71287263
1189,395883937,342263,20705,"Core-jet,1-sided",71287215
1190,395883954,342263,20705,Single,71287210
1191,395883979,342263,20705,Single,71287240
1192,395884061,342263,20705,"Triple,Wide-angle tail (WAT),Core-dominant,C-shaped",71287246
1193,396710958,1497834,20705,Single,71287097
1194,396711315,1497834,20705,"Diffuse,Core-jet",71287095
1195,396711359,1497834,20705,"Diffuse,Single",71287165
1196,396711408,1497834,20705,Wide-angle tail (WAT),71287194
1197,396711470,1497834,20705,"Diffuse,Double",71287091
1198,396711529,1497834,20705,"Single,Core-dominant",71287107
1199,396711563,1497834,20705,"1-sided,Diffuse",71287105
1200,396711636,1497834,20705,Single,71287035
1201,396711660,1497834,20705,Wide-angle tail (WAT),71287269
1202,396711702,1497834,20705,"Single,Star Forming Galaxy (SFG)",71287183
1203,396711730,1497834,20705,Fanaroff and Riley Class 1 (FR I),71287146
1204,396711749,1497834,20705,Single,71287202
1205,396711956,1497834,20705,"Single,Star Forming Galaxy (SFG)",71287266
1206,396711970,1497834,20705,Single,71287153
1207,396712012,1497834,20705,"1-sided,Core-jet",71287088
1208,396712082,1497834,20705,Single,71287196
1209,396712106,1497834,20705,"Single,Star Forming Galaxy (SFG)",71287231
1210,396712139,1497834,20705,Single,71287051
1211,396712187,1497834,20705,"Single,Core-dominant",71287031
1212,396712226,1497834,20705,,71287000
1213,396712273,1497834,20705,"Double,Diffuse",71287214
1214,396712317,1497834,20705,"Classical double,Fanaroff and Riley Class 2 (FR II)",71287217
1215,396712344,1497834,20705,Single,71287188
1216,396712367,1497834,20705,Single,71287256
1217,396712456,1497834,20705,"Single,Diffuse",71287167
1218,396712489,1497834,20705,"Single,Fanaroff and Riley Class 1 (FR I)",71287255
1219,396712508,1497834,20705,Single,71287120
1220,396712536,1497834,20705,"Single,Diffuse,1-sided",71287189
1221,396712577,1497834,20705,Diffuse,71287115
1222,396712635,1497834,20705,Single,71287067
1223,396712713,1497834,20705,,71287101
1224,396712814,1497834,20705,"Diffuse,Core-jet",71287287
1225,396712839,1497834,20705,Single,71287099
1226,396712866,1497834,20705,Single,71287208
1227,396712885,1497834,20705,Single,71287116
1228,396712929,1497834,20705,"Double,Fanaroff and Riley Class 2 (FR II)",71287090
1229,396712965,1497834,20705,"Single,Star Forming Galaxy (SFG)",71287086
1230,396712987,1497834,20705,Single,71287243
1231,396713087,1497834,20705,"Diffuse,Core-dominant",71287133
1232,396713121,1497834,20705,Single,71287155
1233,396713156,1497834,20705,Double,71287280
1234,396713180,1497834,20705,Single,71287145
1235,396713223,1497834,20705,"Single,Diffuse",71287252
1236,396713396,1497834,20705,Diffuse,71287009
1237,396713414,1497834,20705,Single,71287071
1238,396713430,1497834,20705,Single,71287172
1239,396713454,1497834,20705,,71287166
1240,396713471,1497834,20705,"Single,Diffuse",71287109
1241,396713518,1497834,20705,Double,71287073
1242,396713542,1497834,20705,Diffuse,71287142
1243,396713582,1497834,20705,"Single,Star Forming Galaxy (SFG)",71287197
1244,396713658,1497834,20705,Diffuse,71287139
1245,396714024,1497834,20705,"Fanaroff and Riley Class 1 (FR I),Diffuse",71287113
1246,396714051,1497834,20705,Diffuse,71287184
1247,396714073,1497834,20705,Single,71287240
1248,396714086,1497834,20705,Single,71287119
1249,396714104,1497834,20705,Single,71287185
1250,396714336,1497834,20705,Double,71287218
1251,396714389,1497834,20705,Single,71287270
1252,396714408,1497834,20705,Single,71287026
1253,396714438,1497834,20705,Narrow-angle tail (NAT),71287187
1254,396714478,1497834,20705,"Double,Fanaroff and Riley Class 2 (FR II)",71287295
1255,396714505,1497834,20705,Diffuse,71287048
1256,396714539,1497834,20705,"Single,Core-dominant",71287195
